Strain,Clade,preserve
Wuhan/WH01/2019,19A,1
Wuhan/IME-WH03/2019,19A,0
Malaysia/MKAK-CL-2020-5045/2020,19A,0
HongKong/VM20002582-2/2020,19A,0
HongKong/HKU-200723-002/2020,19A,0
Australia/VIC02/2020,19A,0
Australia/VIC03/2020,19A,0
Singapore/8/2020,19A,0
Georgia/Tb-537/2020,19A,0
Georgia/Tb-54/2020,19A,0
NewZealand/20VR1597/2020,19A,0
Moldova/ChVir7770/2020,19A,0
NewZealand/CoV002/2020,19A,0
NewZealand/20VR1910/2020,19A,0
SouthKorea/KCDC2197/2020,19A,0
Aruba/AW-RIVM-10101/2020,19A,0
NewZealand/20VR2585/2020,19A,0
Nigeria/OY045A-CV35/2020,19A,0
Greece/144/2020,19A,0
Brazil/SP-02/2020,19A,0
Timor-Leste/TL25/2020,19A,0
SouthKorea/KCDC2115/2020,19A,0
SouthKorea/KCDC2123/2020,19A,0
SouthKorea/KCDC2117/2020,19A,0
USA/OR-PROV-222/2020,19A,0
NewZealand/20VR2108/2020,19A,0
NewZealand/20VR2109/2020,19A,0
Australia/SAP097/2020,19A,0
Singapore/3Clin/2020,19A,0
Indonesia/JK-EIJK-43/2020,19A,0
Australia/WA34/2020,19A,0
SriLanka/CDR142/2020,19A,0
Iran/7650/2020,19A,0
Taiwan/CGMH-CGU-04/2020,19A,0
Taiwan/CGMH-CGU-05/2020,19A,0
Tunisia/7899/2020,19A,0
USA/NY1-PV08001/2020,19A,0
Iran/Tehran-09/2020,19A,0
Australia/QLD09/2020,19A,0
Iran/Cento-37431805/2020,19A,0
Iran/2024/2020,19A,0
UnitedArabEmirates/L4682/2020,19A,0
Bahrein/BAH-13/2020,19A,0
Bahrein/BAH-16/2020,19A,0
Bahrein/BAH-17/2020,19A,0
India/UN-1652/2020,19A,0
India/UN-1073/2020,19A,0
Georgia/Tb-82/2020,19A,0
Oman/RESP-20-837/2020,19A,0
SriLanka/CDR503/2020,19A,0
Kuwait/KU18/2020,19A,0
UnitedArabEmirates/L46302981/2020,19A,0
Bahrein/BAH-03/2020,19A,0
Kazakhstan/26548/2020,19A,0
Australia/NSW06/2020,19A,0
Oman/RESP-20-797/2020,19A,0
Taiwan/CGMH-CGU-27/2020,19A,0
Brunei/2/2020,19A,0
Pakistan/KP-RMI-01/2020,19A,0
NewZealand/20CV0306/2020,19A,0
Guam/GU_NHG_01/2020,19A,0
Singapore/1518/2020,19A,0
Singapore/985/2020,19A,0
Singapore/798/2020,19A,0
Singapore/689/2020,19A,0
Singapore/662/2020,19A,0
Singapore/858/2020,19A,0
Singapore/505/2020,19A,0
Myanmar/MMC_137/2020,19A,0
Malaysia/MGI-MAEPS41/2020,19A,0
Malaysia/IMR_WC80036/2020,19A,0
Malaysia/MGI-MAEPS67/2020,19A,0
India/MH-CCMB-NIV1/2020,19A,0
Singapore/705/2020,19A,0
Singapore/899/2020,19A,0
HongKong/HKU-200723-105/2020,19A,0
Taiwan/TSGH-11/2020,19A,0
India/BR-NCDC-02251/2020,19A,0
India/WB-NCDC-02248/2020,19A,0
Australia/QLD1340/2020,19A,0
PapuaNewGuinea/5/2020,19A,0
PapuaNewGuinea/4/2020,19A,0
PapuaNewGuinea/2/2020,19A,0
PapuaNewGuinea/13/2020,19A,0
PapuaNewGuinea/7/2020,19A,0
Sichuan/SC-WCH4-288/2020,19A,0
Thailand/SI202769-NT/2020,19A,0
Thailand/Bangkok_1716/2020,19A,0
SouthKorea/KCDC03/2020,19B,0
Japan/TY-WK-012/2020,19B,0
Australia/NSW04/2020,19B,0
Thailand/Nonthaburi_193/2020,19B,0
Malaysia/MKAK-CL-2020-5096/2020,19B,0
Malaysia/IMR_WC119/2020,19B,0
USA/SC_3571/2020,19B,0
Peru/LIM-INS-144/2020,19B,0
Kazakhstan/NCB-5/2020,19B,0
Ecuador/USFQ-556/2020,19B,0
Australia/NSW788/2020,19B,0
Nigeria/FC-CV559/2020,19B,0
Singapore/15/2020,19B,0
Australia/NSW01/2020,19B,0
Singapore/43/2020,19B,0
Bolivia/26958/2020,19B,0
Jordan/SR-039/2020,19B,0
Mexico/CMX-InDRE_03/2020,19B,0
Uruguay/UY-NYUMC852/2020,19B,0
Peru/LAL-INS-070/2020,19B,0
Mexico/QUE-InDRE-18/2020,19B,0
USA/WA_0434/2020,19B,0
Australia/TAS65/2020,19B,0
USA/VT-CDC-0303/2020,19B,0
Australia/ACT0032/2020,19B,0
Australia/QLD982/2020,19B,0
Taiwan/TSGH-34/2020,19B,0
NewZealand/20VR1016/2020,19B,0
Peru/LIM-INS-021/2020,19B,0
USA/DC_0004/2020,19B,0
USA/WA-S665/2020,19B,0
Australia/QLD1116/2020,19B,0
Australia/QLD03/2020,19B,0
Australia/QLD02/2020,19B,0
Australia/QLD1293/2020,19B,0
Australia/VIC07/2020,19B,0
Australia/QLD01/2020,19B,0
SierraLeone/KGH-G-8626/2020,19B,0
CotedIvoire/BKE0016/2020,19B,0
Mali/UCRC-31/2020,19B,0
BurkinaFaso/2-012/2020,19B,0
Jordan/IR-ALSR-2578/2020,19B,0
Pakistan/JRCGR-KHI04/2020,19B,0
Tunisia/COV0010-12/2020,19B,0
Benin/1950/2020,19B,0
Benin/2012/2020,19B,0
CotedIvoire/BKE0356/2020,19B,0
BurkinaFaso/590/2020,19B,0
CotedIvoire/BKE0633/2020,19B,0
BurkinaFaso/3567/2020,19B,0
BurkinaFaso/3952/2020,19B,0
Australia/QLD04/2020,19B,0
UnitedArabEmirates/DU-A-S9-2_S4/2020,19B,0
Netherlands/Utrecht_10015/2020,19B,0
CotedIvoire/BKE0011/2020,19B,0
CotedIvoire/BKE0965/2020,19B,0
Mali/M002672/2020,19B,0
Bahrein/BAH-12/2020,19B,0
Uganda/UG046/2020,19B,0
Uganda/UG060/2020,19B,0
Mali/M002826/2020,19B,0
BurkinaFaso/4215/2020,19B,0
BurkinaFaso/4307/2020,19B,0
Italy/VEN-IZSVe-21RS22-9_TV/2020,19B,0
Jordan/SR-0336/2020,19B,0
Uganda/UG053/2020,19B,0
Uganda/UG118/2020,19B,0
Nepal/61/2020,19A,0
Wuhan/Hu-1/2019,19A,0
Wuhan/IME-WH02/2019,19A,0
Pakistan/KHI1/2020,19A,0
Australia/QLDID922/2020,19A,0
Lithuania/MR-LUHS-Eilnr31/2020,19A,0
Malaysia/IMR_WC1114/2020,19A,0
Vietnam/VNHN_0847/2020,19A,0
Belgium/rega-0423301/2020,19A,0
Belgium/ULG-10052/2020,19A,0
NewZealand/20VR1022/2020,19A,0
Luxembourg/LNS5680075/2020,19A,0
Cambodia/0012/2020,19A,0
USA/WI1/2020,19A,0
Japan/OS-20-07-1/2020,19A,0
Indonesia/JK-EIJK31/2020,19A,0
Indonesia/JK-EIJK-01/2020,19A,0
Indonesia/JK-EIJK-0317/2020,19A,0
Thailand/SI200433-NT/2020,19A,0
Thailand/Phuket_247/2020,19A,0
Singapore/175/2020,19A,0
Malaysia/IMR_WC1098/2020,19A,0
Indonesia/JK-EIJK-03/2020,19A,0
Wuhan/HB-WH5-237/2020,19A,0
Singapore/706/2020,19A,0
India/WB-IICB-034/2020,19A,0
Malaysia/UNIMAS-11942/2020,19A,0
Egypt/CCHE57357-A-29/2020,19A,0
Mexico/JAL-InDRE-11/2020,19A,0
Slovakia/SK-BMC6/2020,19A,0
mink/Netherlands/NB-EMC-28-2/2020,19A,0
NewZealand/CoV001/2020,19A,0
Curacao/CW-RIVM-10100/2020,19A,0
Curacao/CW-RIVM-10308/2020,19A,0
Curacao/CW-RIVM-10309/2020,19A,0
Curacao/CW-RIVM-10093/2020,19A,0
Curacao/CW-RIVM-10092/2020,19A,0
Curacao/CW-RIVM-10094/2020,19A,0
Vietnam/19-02S/2020,19A,0
Egypt/CCHE57357-A-47/2020,19A,0
Australia/NSW10/2020,19A,0
Egypt/CCHE57357-P-43/2020,19A,0
Egypt/CCHE57357-A-54/2020,19A,0
Egypt/CCHE57357-A-55/2020,19A,0
Malaysia/UNIMAS-3325/2020,19A,0
Germany/BY-ChVir-1017/2020,19A,0
Peru/LIM-INS-114/2020,20A,0
Peru/CAL-INS-103/2020,20A,0
UnitedArabEmirates/0898/2020,20A,0
CzechRepublic/NRL-10717/2020,20A,0
Morocco/FMP-60/2020,20A,0
Gambia/S-311/2020,20A,0
Gambia/S-418/2020,20A,0
Ecuador/USFQ-506/2020,20A,0
Latvia/046/2020,20A,0
Morocco/HMIMV-Rabat1429-04/2020,20A,0
Australia/WA104/2020,20A,0
Singapore/1079/2020,20A,0
Australia/SAP531/2020,20A,0
Romania/103Hunedoara/2020,20A,0
Romania/191Hunedoara/2020,20A,0
Italy/CAM-TIGEM-232/2020,20A,0
Ireland/KE-NVRL-72IRL07332/2020,20A,0
Ireland/MH-NVRL-76IRL30430/2020,20A,0
Germany/NW-HHU-524/2020,20A,0
Romania/USAFSAM-S569/2020,20A,0
CzechRepublic/IAB20_016_016/2020,20A,0
France/GE-IPP11375/2020,20A,0
Australia/NSW1457/2020,20A,0
Italy/LAZ-INMI-157/2021,20A,0
Slovenia/176062/2020,20A,0
Slovenia/2020-V0-272532/2020,20A,0
BosniaandHerzegovina/AGC-MOS-002/2020,20A,0
France/GE-IPP11352/2020,20A,0
France/GE-IPP00442/2020,20A,0
Slovenia/NK7861/2020,20A,0
Slovakia/UKBA-608/2020,20A,0
Slovenia/NK7862/2020,20A,0
Slovenia/NK7852/2020,20A,0
Switzerland/ZH-ETHZ-300322/2020,20A,0
CzechRepublic/NRL-10092/2020,20A,0
Iceland/6549/2020,20A,0
CzechRepublic/NRL-10324/2020,20A,0
CzechRepublic/NRL_10593/2020,20A,0
Australia/QLD1343/2020,20A,0
Denmark/DCGC-10802/2020,20A,0
CzechRepublic/NRL_11188/2020,20A,0
CzechRepublic/NRL-9908/2020,20A,0
CzechRepublic/NRL-10716/2020,20A,0
CzechRepublic/NRL_10750/2020,20A,0
CzechRepublic/NRL_156/2021,20A,0
Iceland/4034/2020,20A,0
Iceland/4355/2020,20A,0
Australia/NSW1199/2020,20A,0
Italy/VEN-IZSVe-20RS2163-2_VR/2020,20A,0
USA/NJ-QDX-2190/2020,20A,0
CzechRepublic/NRL-10066/2020,20A,0
CzechRepublic/NRL-7963/2020,20A,0
Slovakia/UKBA-603/2020,20A,0
Germany/BW-FR0059/2020,20A,0
Canada/BC_8486790/2020,20A,0
Mali/UCRC-68/2020,20A,0
Gabon/ITM-K023/2020,20A,0
Morocco/RMPS-03/2020,20A,0
Australia/VIC170/2020,20A,0
UnitedArabEmirates/L920634731/2020,20A,0
Benin/314/2020,20A,0
Bangladesh/DNAS-CPH-466/2020,20A,0
Suriname/SR-20/2020,20A,0
Suriname/SR-47/2020,20A,0
Suriname/SR-05/2020,20A,0
Suriname/SR-54/2020,20A,0
Morocco/FMP-42/2020,20A,0
Morocco/FMP-46/2020,20A,0
Morocco/FMP-58/2020,20A,0
Slovenia/134870/2020,20A,0
SriLanka/CDR1885/2020,20A,0
DRC/3632/2020,20A,0
DRC/7920/2020,20A,0
Cameroon/CV428/2020,20A,0
Cameroon/CV436/2020,20A,0
Cameroon/CV439/2020,20A,0
Guinea/CERFIG-2190/2020,20A,0
Cameroon/CV435/2020,20A,0
CotedIvoire/BKE0125/2020,20A,0
CotedIvoire/BKE0201/2020,20A,0
BurkinaFaso/2-040-1615/2020,20A,0
India/MH-ACTREC-416/2020,20A,0
India/MH-ACTREC-469/2020,20A,0
Senegal/1683/2020,20A,0
DRC/253/2020,20A,0
Uganda/UG088/2020,20A,0
Bahrain/341013933_S13_L001/2020,20A,0
Australia/NSW1458/2020,20A,0
Morocco/FMP-49/2020,20A,0
Senegal/6481/2020,20A,0
Guangdong/SYSU-IHV/2020,20A,0
Brazil/SP-06/2020,20A,0
Brazil/SP-05/2020,20A,0
UnitedArabEmirates/L7356/2020,20A,0
UnitedArabEmirates/0582/2020,20A,0
Mozambique/INS-K008012/2021,20A,0
HongKong/VM20003442/2020,20A,0
USA/ME-HETL-J0031/2020,20A,0
Italy/CAM-TIGEM-555/2020,20A,0
Ecuador/USFQ-485/2020,20A,0
Netherlands/ZuidHolland_165/2020,20A,0
Indonesia/SA-EIJK50/2020,20A,0
Morocco/refstage1/2020,20A,0
Luxembourg/LNS0000001/2020,20A,0
Denmark/SSI-02/2020,20A,0
Montenegro/ChVir-1268662002/2020,20A,0
Australia/QLD1304/2020,20A,0
Senegal/082/2020,20A,0
India/GJ-GBRC-439b/2020,20A,0
NewZealand/20VR3146/2020,20A,0
Australia/QLD965/2020,20A,0
USA/IA_6399/2020,20A,0
Kenya/C2685/2020,20A,0
Oman/RESP-20-4395/2020,20A,0
Egypt/MASRI-008/2020,20A,0
Egypt/MASRI-005/2020,20A,0
CostaRica/INC-0052/2020,20A,0
Luxembourg/LNS5358505/2020,20A,0
Uganda/UG026/2020,20A,0
Rwanda/NRLNAT1008/2020,20A,0
BosniaandHerzegovina/ChVir7354/2020,20A,0
Taiwan/NTU21/2020,20A,0
NewZealand/20CV0488/2020,20A,0
Netherlands/GE-RIVM-20327/2020,20A,0
Australia/NSW1170/2020,20A,0
Sweden/20-13154/2020,20A,0
Denmark/DCGC-29504/2021,20A,0
Switzerland/BL-ETHZ-380352/2020,20A,0
SouthKorea/KDCA0356/2020,20A,0
Belgium/ULG-11186/2020,20A,0
Belgium/ULG-10800/2020,20A,0
Belgium/ULG-10861/2020,20A,0
Belgium/ULG-10770/2020,20A,0
Belgium/ULG-11051/2020,20A,0
Belgium/ULG-11011/2020,20A,0
Luxembourg/LNS7658808/2020,20A,0
Luxembourg/LNS1410268/2020,20A,0
Poland/NIPH-NIH-01/2020,20A,0
Iceland/3069/2021,20A,0
Germany/NW-HHU-475/2020,20A,0
Norway/4753/2020,20A,0
Poland/6725616021_diag1_gx1/2020,20A,0
Ecuador/USFQ-004/2020,20A,0
Guadeloupe/IPG-7331/2020,20A,0
Australia/NSW532/2020,20A,0
NewZealand/20VR3128/2020,20A,0
Canada/MB-NML-620/2020,20A,0
CzechRepublic/IAB_18/2020,20A,0
Kenya/C3129/2020,20A,0
India/AP-CS0341/2020,20A,0
DRC/10502/2020,20A,0
Australia/NSW380/2020,20A,0
Egypt/CUNCI-HGC015/2020,20A,0
CzechRepublic/NRL-6847-2/2020,20A,0
UnitedArabEmirates/4356/2020,20A,0
Egypt/CUNCI-HGC11I016/2021,20A,0
Mexico/BCN-ALSR-4899/2020,20A,0
Jordan/MA-ALSR-2583/2020,20A,0
SaudiArabia/KAUST-MADINAH1669/2020,20A,0
Australia/SAP609/2021,20A,0
Australia/SAP610/2021,20A,0
Colombia/DC-INS-3334/2020,20A,0
Colombia/DC-INS-2624/2020,20A,0
Colombia/DC-INS-4283/2020,20A,0
Colombia/DC-INS-4301/2020,20A,0
Mexico/BCN-ALSR-3624/2020,20A,0
USA/CA-CZB-2770/2020,20A,0
USA/NV-CDC-2-3693483/2020,20A,0
USA/WA-UW-32807/2020,20A,0
USA/HI-H200449/2020,20A,0
USA/HI-H200631/2020,20A,0
USA/HI-H200633/2020,20A,0
USA/HI-H200673/2020,20A,0
USA/MN-MDH-2393/2021,20A,0
USA/HI-H200579/2020,20A,0
USA/TX-HMH-MCoV-14935/2020,20A,0
USA/PR-CDC-LC0003680/2021,20A,0
USA/DE-DHSS-F987154/2020,20A,0
Malaysia/IMR-CV140278/2020,20A,0
Malaysia/IMR-CV1140107/2020,20A,0
Malaysia/UNIMAS-15755/2020,20A,0
Malaysia/UNIMAS-B023/2020,20A,0
Malaysia/UNIMAS-15718/2020,20A,0
Malaysia/UNIMAS-B054/2020,20A,0
Malaysia/UNIMAS-B040/2020,20A,0
Malaysia/UNIMAS-B051/2020,20A,0
Malaysia/UNIMAS-15763/2020,20A,0
Malaysia/UNIMAS-15772/2020,20A,0
Malaysia/UNIMAS-15681/2020,20A,0
Malaysia/HPUPM_ML6751/2020,20A,0
Malaysia/IMR-UCSI_R7/2021,20A,0
Australia/SAP600/2020,20A,0
Australia/SAP598/2020,20A,0
Singapore/1533/2020,20A,0
Malaysia/IMR-WC280757/2020,20A,0
Malaysia/IMR-WC280729/2020,20A,0
Mexico/COL-InDRE-75/2020,20A,0
USA/TX-HMH-MCoV-14963/2020,20A,0
Belarus/MA-RII-MH11359S/2020,20A,0
USA/NC-CDC-2-3693695/2020,20A,0
USA/MN-MDH-1529/2020,20A,0
Taiwan/NTU35/2020,20A,0
Mexico/BCN-ALSR-5732/2020,20A,0
Albania/Cento-30536457/2020,20A,0
Mexico/BCN-CICESE-BC5/2020,20A,0
England/ALDP-A6E0D9/2020,20A,0
Romania/Bucuresti_407958/2020,20A,0
Germany/NW-RKI-NP-0030/2020,20A,0
USA/DE-DHSS-F1017497/2020,20A,0
USA/DE-CDC-2-3713963/2020,20A,0
Aruba/AW-RIVM-10390/2020,20A,0
Curacao/CW-RIVM-10365/2020,20A,0
USA/SC-USAFSAM-S518/2020,20A,0
USA/NJ-CDC-LC0004769/2021,20A,0
USA/MD-MDH-0390/2020,20A,0
USA/VA-DCLS-2329/2020,20A,0
USA/KS-CDC-LC0004217/2021,20A,0
USA/WV-CDC-LC0004055/2021,20A,0
USA/WA-UW-32819/2020,20A,0
USA/SC-CDC-2-3714365/2020,20A,0
Germany/NW-HHU-446/2020,20A,0
USA/TX-HMH-MCoV-11464/2020,20A,0
USA/LA-USAFSAM-S402/2020,20A,0
USA/OK-CDC-2-3693672/2020,20A,0
USA/OK-CDC-2-3693466/2020,20A,0
USA/AL-HGSC-JGNT/2021,20A,0
USA/MO-CDC-2-3714256/2020,20A,0
Australia/SAP516/2020,20A,0
Australia/WA561/2020,20A,0
Turkey/HSGM-IST12/2020,20A,0
USA/WY-WPHL-20044555/2020,20A,0
SouthAfrica/KRISP-K004324/2020,20A,0
SouthAfrica/KRISP-K004333/2020,20A,0
SouthAfrica/KRISP-K004629/2020,20A,0
Uganda/UG065/2020,20A,0
USA/ID-USAFSAM-S475/2020,20A,0
USA/WI-UW-1255/2020,20A,0
USA/UT-UPHL-2012878128/2020,20A,0
USA/WY-WPHL-20157618/2020,20A,0
USA/CO-CDPHE-2010120393/2020,20A,0
Australia/QLD1283/2020,20A,0
NewZealand/21CV0035/2020,20A,0
Netherlands/Flevoland_10/2020,20A,0
UnitedArabEmirates/3623/2020,20A,0
NewZealand/20CV0663/2020,20E (EU1),0
Switzerland/UR-ETHZ-321517/2020,20E (EU1),0
Spain/MD-ISCIII-2014617/2020,20E (EU1),0
Spain/MD-IBV-99012429/2020,20E (EU1),0
HongKong/CM20000368/2020,20E (EU1),0
Germany/SL-SU-10452452/2020,20E (EU1),0
Netherlands/NH-RIVM-20112/2020,20E (EU1),0
Thailand/Bangkok-Rat02/2020,20E (EU1),0
Spain/CT-IBV-97009580/2020,20E (EU1),0
France/OCC-162/2020,20E (EU1),0
Netherlands/LI-EMC-146/2020,20E (EU1),0
Peru/LIM-UPCH-0291/2020,20E (EU1),0
Tunisia/19695/2020,20E (EU1),0
Tunisia/55262/2020,20E (EU1),0
Tunisia/ADAGE-18503/2020,20E (EU1),0
Tunisia/1267/2021,20E (EU1),0
Tunisia/ADAGE-24804/2020,20E (EU1),0
Tunisia/55400/2020,20E (EU1),0
Tunisia/63686/2020,20E (EU1),0
Morocco/FMP-41/2020,20E (EU1),0
Morocco/FMP-57/2020,20E (EU1),0
SouthKorea/KDCA0368/2020,20E (EU1),0
Italy/CAM-TIGEM-296/2020,20E (EU1),0
Australia/WA348/2020,20E (EU1),0
Bermuda/205081296/2020,20E (EU1),0
Ireland/WH-NVRL-83IRL31332/2021,20E (EU1),0
NewZealand/20CV0408/2020,20E (EU1),0
NewZealand/20CV0409/2020,20E (EU1),0
HongKong/CM20000444/2020,20E (EU1),0
Sweden/20-53631/2020,20E (EU1),0
Sweden/20-53850/2020,20E (EU1),0
Denmark/DCGC-24082/2020,20E (EU1),0
Denmark/DCGC-28493/2021,20E (EU1),0
Denmark/DCGC-21182/2020,20E (EU1),0
Denmark/DCGC-15846/2020,20E (EU1),0
Denmark/DCGC-9381/2020,20E (EU1),0
Italy/CAM-TIGEM-198/2020,20E (EU1),0
Italy/CAM-TIGEM-285/2020,20E (EU1),0
Italy/LAZ-INMI-145/2021,20E (EU1),0
Spain/MD-IBV-99008721/2020,20E (EU1),0
Australia/NT85/2020,20E (EU1),0
Iceland/5091/2020,20E (EU1),0
Iceland/5438/2020,20E (EU1),0
Iceland/4995/2020,20E (EU1),0
Iceland/3254/2020,20E (EU1),0
Iceland/6287/2020,20E (EU1),0
Iceland/4086/2020,20E (EU1),0
Iceland/6276/2020,20E (EU1),0
Iceland/3056/2021,20E (EU1),0
Iceland/4037/2020,20E (EU1),0
Iceland/3055/2021,20E (EU1),0
Iceland/4832/2021,20E (EU1),0
NewZealand/20CV0558/2020,20E (EU1),0
NewZealand/20CV0664/2020,20E (EU1),0
Vietnam/PIHCM-1564/2020,20E (EU1),0
Portugal/PT1876/2020,20E (EU1),0
Portugal/PT1867/2020,20E (EU1),0
Sweden/20-53165/2020,20E (EU1),0
Denmark/DCGC-15785/2020,20E (EU1),0
Belgium/ULG-11048/2020,20E (EU1),0
Taiwan/CGMH-CGU-32/2020,20E (EU1),0
France/GES-42484124/2020,20E (EU1),0
Sweden/20-53291/2020,20E (EU1),0
Germany/BB-RKI-NP-0007/2021,20E (EU1),0
Switzerland/BL-ETHZ-360266/2020,20E (EU1),0
England/MILK-B88ADA/2020,20E (EU1),0
Bermuda/205081304/2020,20E (EU1),0
Italy/APU-IZSPB_326PT/2020,20E (EU1),0
Netherlands/UT-RIVM-21190/2020,20E (EU1),0
Italy/CAM-TIGEM-1321/2020,20E (EU1),0
France/PAC-NRC2908/2020,20E (EU1),0
England/QEUH-AA01D8/2020,20E (EU1),0
Iceland/5186/2021,20E (EU1),0
NewZealand/20CV0511/2020,20E (EU1),0
NewZealand/20CV0487/2020,20E (EU1),0
Germany/NW-ChVir22090/2021,20E (EU1),0
Spain/MD-IBV-99008722/2020,20E (EU1),0
NewZealand/20CV0588/2020,20E (EU1),0
Germany/SH-ChVir20313/2020,20E (EU1),0
Portugal/PT1654/2020,20E (EU1),0
Portugal/PT1969/2020,20E (EU1),0
Spain/MD-IBV-99008762/2020,20E (EU1),0
Spain/MC-ISCIII-2018165/2020,20E (EU1),0
England/CAMC-B99845/2020,20E (EU1),0
Belgium/UGent-276/2020,20E (EU1),0
Spain/MD-IBV-99012378/2020,20E (EU1),0
Thailand/Chonburi-SQ-LN0002/2020,20E (EU1),0
Belgium/rega-10191128/2020,20E (EU1),0
Denmark/DCGC-14836/2020,20E (EU1),0
Denmark/DCGC-8756/2020,20E (EU1),0
Ireland/CN-NVRL-20IRL82669/2020,20E (EU1),0
Ireland/OY-NVRL-75IRL90286/2020,20E (EU1),0
England/204481931/2020,20E (EU1),0
Ireland/LH-NVRL-20ILR11491/2020,20E (EU1),0
NewZealand/20CV0387/2020,20E (EU1),0
HongKong/CM20000221/2020,20E (EU1),0
England/QEUH-96171E/2020,20E (EU1),0
Netherlands/OV-RIVM-20503/2020,20E (EU1),0
Germany/NW-HHU-582/2020,20E (EU1),0
Netherlands/ZH-EMC-1011/2020,20E (EU1),0
Spain/IB-IBV-99012760/2020,20E (EU1),0
Ireland/WX-NVRL-AIIDW003v2/2020,20E (EU1),0
England/MILK-AC8DE5/2020,20E (EU1),0
Slovakia/UKBA-716/2021,20E (EU1),0
Ireland/CO-NVRL-83IRL29885/2021,20E (EU1),0
Ireland/D-NVRL-AIIDV1268v1/2020,20E (EU1),0
England/ALDP-B1CE39/2020,20E (EU1),0
England/ALDP-A6C5BE/2020,20E (EU1),0
NewZealand/21CV0034/2021,20E (EU1),0
Wales/PHWC-495BDE/2020,20E (EU1),0
Ireland/G-NVRL-76IRL13959/2020,20E (EU1),0
Wales/PHWC-4A957F/2020,20E (EU1),0
Norway/6734/2020,20E (EU1),0
Germany/BB-RKI-NP-0011/2021,20E (EU1),0
Tunisia/69681/2020,20E (EU1),0
HongKong/CM20000494/2020,20E (EU1),0
Norway/4688/2020,20E (EU1),0
Norway/4698/2020,20E (EU1),0
Iceland/5396/2021,20E (EU1),0
Lithuania/T-1193/2020,20E (EU1),0
Australia/NT92/2021,20E (EU1),0
Hungary/SRC-00836/2020,20A,0
USA/OR-PROV-085/2020,20A,0
Chile/Santiago-PUC_MVL_0038/2020,20A,0
Chile/RM-208669/2020,20A,0
Serbia/Pancevo-007910104/2020,20A,0
Belarus/ChVir21846/2020,20A,0
Latvia/109/2020,20A,0
Belarus/ChVir21845/2020,20A,0
Indonesia/BT-EIJK21/2020,20A,0
Netherlands/OV-RIVM-20117/2020,20A,0
SaudiArabia/KAUST-MADINAH655/2020,20A,0
SaudiArabia/KAUST-MADINAH956/2020,20A,0
SaudiArabia/KAUST-MADINAH1674/2020,20A,0
Egypt/CUNCI-HGC7I07/2020,20A,0
USA/IA-GMF-16267/2020,20A,0
USA/VA-DCLS-0551/2020,20A,0
Tunisia/61627/2020,20A,0
Belgium/ULG-0546/2020,20A,0
Kashgar/IVDC-01-01/2020,20A,0
USA/PA-CDC-8397/2020,20A,0
USA/VA-DCLS-0998/2020,20A,0
Belarus/ChVir21890/2020,20A,0
Belarus/ChVir21837/2020,20A,0
Belarus/ChVir21897/2020,20A,0
Egypt/NRC-01/2020,20A,0
NewZealand/20CV0265/2020,20A,0
Egypt/EGY-020/2020,20A,0
Egypt/EGY-Cairo/2020,20A,0
Egypt/EGY-043/2020,20A,0
USA/MA-MGH-02832/2020,20A,0
Australia/WA135/2020,20A,0
Australia/WA356/2020,20A,0
Tunisia/55006/2020,20A,0
Tunisia/ADAGE-24755/2020,20A,0
Tunisia/55153/2020,20A,0
Tunisia/ADAGE-17872/2020,20A,0
Iraq/USAFSAM-S084/2020,20A,0
SriLanka/MIN01/2020,20A,0
NewZealand/20VR1561/2020,20A,0
Madagascar/IP-01650/2020,20A,0
CotedIvoire/C01-2459/2020,20A,0
Pakistan/KPK-KUST-SJTU/2020,20A,0
Australia/NSW554/2020,20A,0
Australia/NSW632/2020,20A,0
Malta/BAL-Sliema-5/2020,20A,0
Malta/BAL-Sliema-4/2020,20A,0
Malta/BAL-Sliema-1/2020,20A,0
Rwanda/NRLNAT1004/2020,20A,0
Bahrain/340861274_S26/2020,20A,0
Bahrain/920407807/2020,20A,0
Bahrain/023287015_S14_L001/2020,20A,0
Bahrain/340861258/2020,20A,0
Bahrain/341038022/2020,20A,0
Mali/M00960/2020,20A,0
Australia/WA526/2020,20A,0
Australia/WA496/2020,20A,0
Australia/WA495/2020,20A,0
BurkinaFaso/4057/2020,20A,0
CotedIvoire/BKE0104/2020,20A,0
CotedIvoire/C01-2176/2020,20A,0
Slovenia/V0-2804/2020,20A,0
Slovenia/V0-440/2020,20A,0
USA/IN-CDC-6387/2020,20A,0
Australia/WA69/2020,20A,0
Australia/WA72/2020,20A,0
Peru/CAL-UPCH-0044/2020,20A,0
Congo/UKT-014/2020,20A,0
Australia/SAP027/2020,20A,0
Congo/UKT-002/2020,20A,0
Sweden/20-08946/2020,20A,0
Benin/260/2020,20C,0
CostaRica/INC-0039/2020,20C,0
USA/MD-HP00033/2020,20C,0
Canada/ON-UHTC_0065/2020,20C,0
Tunisia/61628/2020,20C,0
Senegal/003/2020,20C,0
Senegal/020/2020,20C,0
Algeria/G0638_2264/2020,20C,0
Norway/4604/2020,20C,0
Tunisia/5008/2020,20C,0
France/ARA-107604/2020,20C,0
Algeria/G41498-8846/2020,20C,0
Algeria/G37138-8854/2020,20C,0
Palestine/29/2020,20C,0
Argentina/PAIS-E0023/2020,20C,0
SierraLeone/KGH-G-8548/2020,20C,0
Ecuador/USFQ-178/2020,20C,0
USA/TN-CDC-8414/2020,20C,0
Indonesia/YO-UGM-110434/2020,20C,0
Egypt/CUNCI-HGC11I032/2021,20C,0
UnitedArabEmirates/4018/2020,20C,0
NewZealand/20CV0669/2020,20C,0
UnitedArabEmirates/3115/2020,20C,0
NewZealand/20CV0536/2020,20C,0
Australia/SAP498/2020,20C,0
NewZealand/20VR1796/2020,20C,0
Egypt/CPHL-NRC-22/2020,20C,0
USA/WI-UW-949/2020,20C,0
Colombia/CES-INS-89781/2020,20C,0
USA/GA-CDC-5113/2020,20C,0
USA/GA-CDC-5115/2020,20C,0
Colombia/BOY-GUR-0206/2020,20C,0
Colombia/ANT-GVI-92161/2020,20C,0
Colombia/SAP-INS-SPSAN01/2020,20C,0
Colombia/DC-INS-VG-68/2020,20C,0
Venezuela/VEN-95072/2020,20C,0
Colombia/DC-INS-VG-48/2020,20C,0
Australia/WA276/2020,20C,0
SaudiArabia/671/2020,20C,0
SaudiArabia/KAUST-MADINAH609/2020,20C,0
SaudiArabia/KAUST-RIYADH1261/2020,20C,0
SaudiArabia/KAUST-JEDDAH615/2020,20C,0
India/WB-IICB-038/2020,20C,0
Indonesia/JB-EIJK145/2021,20C,0
Taiwan/NTU39/2020,20C,0
Taiwan/NTU41/2020,20C,0
Turkey/HSGM-1432/2020,20C,0
Finland/31ES15AB9/2020,20C,0
NewZealand/20CV0605/2020,20C,0
Australia/NSW1182/2020,20C,0
Australia/NSW2964/2020,20C,0
Singapore/2/2021,20C,0
Canada/ON-SB-10/2020,20C,0
Canada/ON-SB-09/2020,20C,0
Australia/NSW2515/2020,20C,0
India/GJ-GBRC-460-R1/2020,20C,0
NewZealand/20CV0704/2020,20C,0
NewZealand/20CV0709/2020,20C,0
Morocco/FMP-61/2020,20C,0
NewZealand/20CV0506/2020,20C,0
NewZealand/20CV0527/2020,20C,0
NewZealand/20CV0545/2020,20C,0
NewZealand/20CV0563/2020,20C,0
NewZealand/20CV0556/2020,20C,0
Turkey/Ankara_GUMV_42541/2020,20C,0
Iraq/NN_Erbil/2021,20C,0
Australia/SAP566/2020,20C,0
Australia/SAP562/2020,20C,0
Australia/SAP553/2020,20C,0
Australia/SAP564/2020,20C,0
Australia/SAP558/2020,20C,0
Australia/SAP519/2020,20C,0
Singapore/1098/2020,20C,0
Australia/WA63/2020,20C,0
Pakistan/JRCGR-KHI28/2020,20C,0
Australia/NSW2972/2020,20C,0
Singapore/1398/2020,20C,0
Singapore/1419/2020,20C,0
Singapore/1434/2020,20C,0
Indonesia/JB-EIJK71/2020,20C,0
Malaysia/UNIMAS-15723/2020,20C,0
Indonesia/BE-NIHRD-PME9915/2020,20C,0
Pakistan/JRCGR-KHI35/2020,20C,0
Pakistan/JRCGR-KHI47/2020,20C,0
Jordan/AM-ALSR-5308/2020,20C,0
Pakistan/JRCGR-KHI02/2020,20C,0
Australia/QLD1491/2021,20C,0
Thailand/phitsanulok-MT0115/2020,20C,0
Thailand/Bangkok-PH7928/2020,20C,0
Malaysia/IMR-W195I/2020,20C,0
Malaysia/IMR-WI194/2020,20C,0
Taiwan/CGMH-CGU-36/2020,20C,0
Singapore/53/2021,20C,0
Thailand/phitsanulok-NT0076/2020,20C,0
Malaysia/HPUPM_ML6117/2020,20C,0
Singapore/1444/2020,20C,0
Thailand/SamutSakhon-CONI-0346/2020,20C,0
Thailand/SamutSakhon-CONI-0365/2020,20C,0
Thailand/Bangkok-CONI-0431/2021,20C,0
Thailand/SamutSakhon-CONI-0399/2020,20C,0
Thailand/AngThong-CONI-0444/2021,20C,0
Thailand/AngThong-CONI-0446/2021,20C,0
Thailand/SamutSakhon-CONI-0341/2020,20C,0
Thailand/SamutSakhon-CONI-0354/2020,20C,0
Thailand/SamutSakhon-CONI-0396/2020,20C,0
UnitedArabEmirates/3848/2020,20C,0
Finland/23LS5G11/2020,20C,0
Finland/S3CD11/2020,20C,0
Finland/23LS6A12/2020,20C,0
Finland/7LS13H11/2020,20C,0
Finland/25LS1DC1/2020,20C,0
Finland/24LS1E5/2020,20C,0
Finland/13MR5cB2/2020,20C,0
Norway/3550/2020,20C,0
Belarus/ChVir21884/2020,20C,0
Australia/WA354/2020,20C,0
Australia/SAP592/2020,20C,0
Australia/QLD1485/2020,20C,0
HongKong/HKPU-5111/2020,20C,0
HongKong/VM20123555/2020,20C,0
HongKong/VB20211661/2020,20C,0
HongKong/VB20220907/2020,20C,0
HongKong/VB20219976/2020,20C,0
Thailand/Bangkok-14712/2020,20C,0
HongKong/VM20127572/2020,20C,0
HongKong/VB20275039/2020,20C,0
env/HongKong/VN20001008/2020,20C,0
HongKong/VM20192019/2020,20C,0
HongKong/VM20194998/2020,20C,0
HongKong/VM20194999/2020,20C,0
HongKong/VM20194997/2020,20C,0
NewZealand/21CV0059/2021,20C,0
India/un-SMSMC-791502/2021,20C,0
NewZealand/20CV0521/2020,20C,0
NewZealand/20CV0489/2020,20C,0
Singapore/888/2020,20C,0
NewZealand/20CV0375/2020,20C,0
UnitedArabEmirates/3607/2020,20C,0
Singapore/1404/2020,20C,0
Singapore/1399/2020,20C,0
Singapore/1397/2020,20C,0
Japan/PG-0191/2020,20C,0
Egypt/CUNCI-HGC9I024/2020,20C,0
Indonesia/YO-UGM-10014/2020,20C,0
Australia/ACT0084/2020,20C,0
Australia/QLD990/2020,20C,0
Indonesia/YO-UGM-781481/2020,20C,0
Indonesia/JK-EIJK-38/2020,20C,0
Jordan/AM-ALSR-2586/2020,20C,0
Egypt/CUNCI-HGC11I006/2021,20C,0
UnitedArabEmirates/4279/2020,20C,0
Jordan/SR-0335/2020,20C,0
Singapore/1088/2020,20C,0
Taiwan/NTU36/2020,20C,0
Indonesia/BT-EIJK81/2020,20C,0
Indonesia/JB-EIJK74/2020,20C,0
Indonesia/YO-UGM-48651/2020,20C,0
Indonesia/BT-SHSIU-01-6493/2021,20C,0
Jordan/AM-ALSR-2585/2020,20C,0
Australia/NSW1111/2020,20C,0
Indonesia/KU-NIHRD-PME9235/2020,20C,0
Singapore/1437/2020,20C,0
Singapore/1492/2020,20C,0
Singapore/1494/2020,20C,0
Indonesia/BT-SHSIU-01-4941/2020,20C,0
Singapore/1490/2020,20C,0
Indonesia/YO-UGM-10002/2020,20C,0
Indonesia/BT-EIJK79/2020,20C,0
Taiwan/NTU47/2020,20C,0
Taiwan/NTU48/2020,20C,0
Indonesia/JB-EIJK125/2021,20C,0
Indonesia/JB-EIJK148/2021,20C,0
Indonesia/JK-EIJK49/2020,20C,0
Australia/NSW1133/2020,20C,0
Indonesia/PA-NIHRD-PME8510/2020,20C,0
Taiwan/NTU37/2020,20C,0
Australia/NSW1494/2021,20C,0
Indonesia/BT-EIJK75/2020,20C,0
Indonesia/JI-ITDua-33281NT/2020,20C,0
Indonesia/JB-EIJK129/2021,20C,0
Pakistan/JRCGR-KHI40/2020,20C,0
NewZealand/20CV0697/2020,20C,0
HongKong/CM20000489/2020,20C,0
NewZealand/20CV0607/2020,20C,0
NewZealand/20CV0625/2020,20C,0
NewZealand/20CV0619/2020,20C,0
NewZealand/20CV0604/2020,20C,0
Luxembourg/LNS9468406/2020,20C,0
France/PAC-IHUCOVID-2725/2020,20C,0
France/OCC-88/2020,20C,0
Netherlands/NB-RIVM-10293/2020,20C,0
Morocco/FMP-45/2020,20C,0
Spain/PV-IBV-98008441/2020,20C,0
France/OCC-91/2020,20C,0
France/OCC-181/2020,20C,0
Denmark/DCGC-3787/2020,20C,0
Australia/NSW1180/2020,20C,0
Denmark/DCGC-9937/2020,20C,0
HongKong/CM20000418/2020,20C,0
Slovenia/119993/2020,20C,0
Slovakia/UKBA-316/2020,20C,0
UnitedArabEmirates/3869/2020,20C,0
Hungary/SRC-2140/2020,20C,0
Hungary/SRC-2145/2020,20C,0
Hungary/SRC-1650/2020,20C,0
CzechRepublic/NRL-10746/2020,20C,0
Australia/NSW1295/2020,20C,0
Hungary/UD-94349/2020,20C,0
Slovakia/UKBA-407/2020,20C,0
Slovakia/UKBA-607/2020,20C,0
Luxembourg/LNS8778022/2020,20C,0
Luxembourg/LNS6665821/2020,20C,0
Italy/CAM-TIGEM-277/2020,20C,0
Thailand/Chonburi-SQ-TB0062/2020,20C,0
Denmark/DCGC-8553/2020,20C,0
Denmark/DCGC-7657/2020,20C,0
Sweden/20-53399/2020,20C,0
Thailand/Chonburi_PN0160/2020,20C,0
Slovenia/2020-V0-272910/2020,20C,0
Luxembourg/LNS7892400/2020,20C,0
Luxembourg/LNS3126705/2020,20C,0
Luxembourg/LNS2740500/2020,20C,0
Mayotte/IPP00624/2021,20C,0
Australia/WA528/2020,20C,0
Tunisia/53873/2020,20C,0
Tunisia/55308/2020,20C,0
Tunisia/1268/2021,20C,0
Cameroon/CV441/2020,20C,0
Switzerland/GE-ETHZ-340099/2020,20C,0
Luxembourg/LNS0067083/2020,20C,0
Belgium/rega-10191269/2020,20C,0
Luxembourg/LNS3600994/2020,20C,0
Belgium/rega-12141424/2020,20C,0
France/ARA-106089/2020,20C,0
France/PAC-IHUCOVID-2617/2020,20C,0
Tunisia/ADAGE-24763/2020,20C,0
Tunisia/58412/2020,20C,0
Tunisia/ADAGE-24776/2020,20C,0
France/OCC-214/2020,20C,0
Israel/CVL-46695/2020,20C,0
Denmark/DCGC-15989/2020,20C,0
Finland/9LS11AC1/2020,20C,0
France/ARA-104314/2020,20C,0
Luxembourg/LNS9789433/2020,20C,0
CzechRepublic/NRL-5635/2020,20C,0
Israel/CVL-n18467/2020,20C,0
Israel/CVL4572/2020,20C,0
Israel/CVL4577/2020,20C,0
Israel/CVL-507ngs/2020,20C,0
USA/LA-GBCL-26684517/2020,20C,0
CostaRica/INC-0096/2020,20C,0
Singapore/144/2020,20C,0
Australia/QLD1282/2020,20C,0
USA/CO-CDPHE-2004230233/2020,20C,0
Denmark/ALAB-HH-193/2020,20C,0
USA/CT-JAX-000542222/2020,20C,0
USA/NV-CDC-LC0003145/2021,20C,0
France/IDF-221-61/2020,20C,0
Australia/NSW602/2020,20C,0
Australia/WA56/2020,20C,0
NewZealand/20VR1843/2020,20C,0
NewZealand/20CV0298/2020,20C,0
NewZealand/20VR3483/2020,20C,0
USA/NMDOH-2020245660/2020,20C,0
NewZealand/20VR1809/2020,20C,0
Mexico/QRO-InDRE-84/2020,20C,0
USA/NE-CDC-LC00000326/2020,20C,0
USA/WI-UW-1335/2020,20C,0
USA/MD-MDH-0258/2020,20C,0
Bermuda/204990915/2020,20C,0
Bermuda/204990916/2020,20C,0
USA/NC-USAFSAM-S405/2020,20C,0
USA/WA-UW-45058/2020,20C,0
USA/DC-BBI1/2020,20C,0
USA/DC-BBI2/2020,20C,0
CostaRica/INC-0071/2020,20C,0
USA/NE-CDC-2-3714177/2020,20C,0
USA/KS-USAFSAM-S487/2020,20C,0
France/IDF-2989/2020,20C,0
Mexico/GUA-InDRE-19/2020,20C,0
SouthKorea/KCDC2577/2020,20C,0
SouthKorea/KDCA0082/2020,20C,0
SouthKorea/KDCA0381/2020,20C,0
SouthKorea/KDCA0390/2020,20C,0
SouthKorea/KDCA0231/2020,20C,0
SouthKorea/KDCA0028/2020,20C,0
SouthKorea/KDCA0086/2020,20C,0
SouthKorea/KDCA0324/2020,20C,0
Kazakhstan/33496/2020,20C,0
USA/NJ-NYUMC638/2020,20C,0
Israel/CVL-n17916/2020,20C,0
USA/SC-DHEC-0893/2020,20C,0
Argentina/PAIS-A0028/2020,20C,0
Argentina/PAIS-A0145/2020,20C,0
Argentina/PAIS-A0154/2020,20C,0
Argentina/INEI096418/2020,20C,0
Argentina/INEI097130/2020,20C,0
Argentina/INEI098418/2020,20C,0
Argentina/INEI041590/2020,20C,0
Argentina/INEI096223/2020,20C,0
Argentina/PAIS-A0042/2020,20C,0
Argentina/PAIS-A0059/2020,20C,0
Argentina/INEI097373/2020,20C,0
Argentina/INEI098448/2020,20C,0
Argentina/INEI096522/2020,20C,0
Argentina/INEI096300/2020,20C,0
Argentina/INEI097210/2020,20C,0
Argentina/INEI097815/2020,20C,0
Argentina/INEI098521/2020,20C,0
Argentina/INEI098420/2020,20C,0
Argentina/INEI096222/2020,20C,0
NewZealand/20CV0311/2020,20C,0
USA/NJ-CDC-2-3693474/2020,20C,0
Taiwan/NTU32/2020,20C,0
USA/KY-9A06/2020,20C,0
USA/OH-ODH-SC35065/2020,20C,0
Mozambique/INS-K007946/2020,20C,0
USA/LA-ALSR-5826/2020,20C,0
USA/TN-QDX-246/2020,20C,0
NewZealand/20CV0273/2020,20C,0
USA/MO-WUSTL060/2020,20C,0
USA/MS-CDC-6581/2020,20C,0
USA/AR-USAFSAM-S127/2020,20C,0
USA/LA-BIE-041/2020,20C,0
USA/SC-DHEC-0699/2020,20C,0
USA/AR-CDC-2-3693765/2020,20C,0
USA/MS-CDC-2-3693659/2020,20C,0
Mexico/CHH-InDRE-43/2020,20C,0
USA/SD-SDPHL-0013/2020,20C,0
USA/OR-OHSU-2902/2020,20C,0
Romania/USAFSAM-S573/2020,20C,0
USA/AZ-WL-CVG00126/2020,20C,0
USA/LA-EVTL789/2020,20C,0
USA/VA-DCLS-2055/2020,20C,0
USA/NC-USAFSAM-S618/2020,20C,0
USA/LA-ALSR-5827/2020,20C,0
USA/LA-EVTL1061/2020,20C,0
USA/LA-EVTL1057/2020,20C,0
USA/LA-EVTL1064/2020,20C,0
Mexico/MIC-InDRE-68/2020,20G,0
USA/MN-MDH-1827/2020,20G,0
USA/MN-MDH-1902/2020,20G,0
NewZealand/20CV0363/2020,20G,0
USA/ID-USAFSAM-S484/2020,20G,0
USA/OR-OHSU-4718/2020,20G,0
USA/OR-OHSU-6667/2020,20G,0
USA/ID-CDC-2-3714480/2020,20G,0
USA/TN-QDX-3554/2020,20G,0
USA/OR-OHSU-3923/2020,20G,0
USA/ID-CDC-2-3714377/2020,20G,0
USA/ID-CDC-2-3714455/2020,20G,0
USA/MT-CDC-2-3693670/2020,20G,0
USA/OR-OHSU-4085/2020,20G,0
USA/HI-H200520/2020,20G,0
USA/MT-CDC-2-3714259/2020,20G,0
USA/UT-UPHL-2101742891/2020,20G,0
USA/MT-CDC-LC00002464/2021,20G,0
USA/NV-CDC-LC0003131/2021,20G,0
NewZealand/21CV0048/2021,20G,0
NewZealand/21CV0055/2021,20G,0
NewZealand/21CV0093/2021,20G,0
USA/NC-CDC-2-3693555/2020,20G,0
USA/LA-USAFSAM-S485/2020,20G,0
USA/OK-QDX-3568/2020,20G,0
USA/TX-HMH-MCoV-16358/2020,20G,0
USA/OK-CDC-LC0004259/2021,20G,0
USA/AR-CDC-2-3693681/2020,20G,0
USA/TN-QDX-3552/2020,20G,0
USA/MI-MDHHS-SC22749/2020,20G,0
USA/NC-USAFSAM-S479/2020,20G,0
USA/MO-CDC-2-3693463/2020,20G,0
USA/IA-CDC-2-3714371/2020,20G,0
USA/FL-CDC-LC00001143/2020,20G,0
Taiwan/CGMH-CGU-33/2020,20G,0
Taiwan/NTU45/2020,20G,0
USA/AK-PHL640/2020,20G,0
USA/OH-JML-COH119/2021,20G,0
USA/KS-KHEL-0043/2021,20G,0
USA/NM-DOH-2020318478/2020,20G,0
USA/NV-QDX-3268/2020,20G,0
USA/OK-QDX-3411/2020,20G,0
USA/OK-CDC-LC0005294/2021,20G,0
USA/MS-CDC-LC00001050/2020,20G,0
USA/AR-CDC-2-3693771/2020,20G,0
USA/MD-HP12137/2020,20G,0
UnitedArabEmirates/4261/2020,20G,0
USA/WY-WPHL-21000558/2021,20G,0
USA/OH-ODH-SC187374/2020,20G,0
USA/TN-CDC-2-3693694/2020,20G,0
USA/WY-WPHL-20149740/2020,20G,0
USA/WY-WPHL-20168141/2020,20G,0
USA/IA-CDC-2-3714376/2020,20G,0
USA/NM-DOH-2020643069/2020,20G,0
USA/NM-USAFSAM-S501/2020,20G,0
USA/OK-CDC-2-3693590/2020,20G,0
USA/SC-USAFSAM-S504/2020,20G,0
USA/MI-UM-10036758386/2020,20G,0
USA/OK-CDC-2-3693462/2020,20G,0
Australia/NSW3075/2020,20G,0
Australia/NSW1184/2020,20G,0
USA/PR-CDC-LC0003678/2021,20G,0
USA/AL-HGSC-JGQR/2021,20G,0
USA/OK-CDC-LC00002742/2020,20G,0
USA/HI-CDC-STM-0000014-G08/2021,20G,0
USA/IN-CDC-LC0004029/2021,20G,0
NewZealand/21CV0098/2021,20G,0
USA/NV-QDX-3529/2020,20G,0
USA/LA-USAFSAM-S476/2020,20G,0
USA/OK-CDC-2-3693469/2020,20G,0
USA/NJ-QDX-3388/2020,20G,0
USA/PA-MGEL-00500/2020,20G,0
USA/SD-USAFSAM-S505/2020,20G,0
USA/IN-CDC-2-3693675/2020,20G,0
USA/IN-CDC-2-3693790/2020,20G,0
USA/IA-CDC-2-3714458/2020,20G,0
USA/NC-CDC-2-4693589/2020,20G,0
USA/NE-CDC-2-3714192/2020,20G,0
USA/NE-USAFSAM-S637/2020,20G,0
USA/SC-DHEC-0002-2/2020,20G,0
USA/VA-DCLS-2245/2020,20G,0
USA/PA-MGEL-00768/2020,20G,0
USA/AK-CDC-2-3693795/2020,20G,0
USA/MT-USAFSAM-S685/2020,20G,0
USA/MT-USAFSAM-S615/2020,20G,0
USA/NH-CDC-LC0003841/2021,20G,0
USA/AR-CDC-2-3693682/2020,20G,0
USA/PR-CDC-LC00000630/2020,20G,0
USA/MD-HP01115/2021,20G,0
USA/VA-DCLS-1956/2020,20G,0
USA/MN-MDH-2400/2021,20G,0
USA/NC-CDC-LC00002284/2020,20G,0
Australia/NSW1233/2020,20G,0
USA/AL-Limestone-JDXC/2020,20G,0
USA/AL-HGSC-JFZB/2020,20G,0
USA/AL-Morgan-JEDJ/2020,20G,0
USA/AL-Morgan-JFKN/2020,20G,0
USA/AL-HGSC-JGPF/2021,20G,0
USA/CT-CDC-2-3714065/2020,20G,0
USA/LA-EVTL1175/2020,20G,0
USA/TX-CDC-LC00000777/2020,20G,0
USA/MD-HP12174/2020,20G,0
Bermuda/204990921/2020,20G,0
USA/MO-CDC-LC0005536/2021,20G,0
USA/IA-GMF-25157/2020,20G,0
USA/AL-HGSC-JGPP/2021,20G,0
Australia/NSW1320/2020,20G,0
USA/IA-GMF-25958/2020,20G,0
USA/UT-UPHL-2012704031/2020,20G,0
USA/WI-UW-2918/2021,20G,0
USA/MT-CDC-2-3714260/2020,20G,0
USA/WY-WPHL-20170908/2020,20G,0
USA/ME-HETL-J0604/2020,20G,0
USA/MN-MDH-2199/2020,20G,0
USA/WI-UW-2414/2020,20G,0
USA/MI-MDHHS-SC22726/2020,20G,0
USA/WI-WSLH-201593/2020,20G,0
USA/IL-CDC-LC00001910/2020,20G,0
NewZealand/20CV0658/2020,20G,0
NewZealand/20CV0675/2020,20G,0
USA/TN-CDC-LC0003669/2021,20G,0
USA/WI-UW-2360/2020,20G,0
Sweden/20-23815/2020,20B,0
Peru/LIM-UPCH-0202/2020,20B,0
Algeria/G38599-8859/2020,20B,0
Peru/LIM-UPCH-0176/2020,20B,0
Peru/AMA-UPCH-0264/2020,20B,0
Turkey/HSGM-17243/2020,20B,0
Peru/ANC-UPCH-0299/2020,20B,0
Algeria/G35155-8850/2020,20B,0
Mexico/ZAC-InDRE-72/2020,20B,0
USA/UT-UPHL-2012527409/2020,20B,0
Mexico/NLE-UANL-029/2020,20B,0
Mexico/AGS-InDRE-80/2020,20B,0
USA/NM-USAFSAM-S472/2020,20B,0
USA/CO-CDC-2-3714058/2020,20B,0
USA/CO-CDPHE-2010200815/2020,20B,0
Brazil/SP-966/2020,20B,0
Brazil/SP-779/2020,20B,0
Brazil/RJ-00416/2020,20B,0
Brazil/SP-415/2020,20B,0
Brazil/RJ-00417/2020,20B,0
Brazil/RJ-00423/2020,20B,0
Brazil/AM-20843044TM/2020,20B,0
Brazil/SP-L7-CD81/2020,20B,0
Brazil/AM-20142492MG/2020,20B,0
Brazil/AM-20842378LB/2020,20B,0
Brazil/AM-20142279MP/2020,20B,0
Brazil/AM-20842350OC/2020,20B,0
Brazil/GO-1023/2020,20B,0
Singapore/1451/2020,20B,0
Brazil/RS-00666/2020,20B,0
Brazil/RS-00622/2020,20B,0
Brazil/RS-00652/2020,20B,0
Brazil/PB-29642/2020,20B,0
Brazil/PB-29645/2020,20B,0
Brazil/RS-15289/2020,20B,0
Brazil/RS-00620/2020,20B,0
Brazil/RS-00688/2020,20B,0
Brazil/RJ-00420/2020,20B,0
Brazil/RJ-00419/2020,20B,0
Brazil/SP-916/2020,20B,0
Brazil/SP-935/2020,20B,0
Brazil/SP-913/2020,20B,0
Brazil/SP-940/2020,20B,0
Brazil/SP-1004/2020,20B,0
Brazil/SP-932/2020,20B,0
Brazil/SP-918/2020,20B,0
Brazil/SP-HIAE-ID27/2020,20B,0
Brazil/SP-872/2020,20B,0
Brazil/DF-1028R1/2020,20B,0
Brazil/RJ-00544/2020,20B,0
Argentina/PAIS-E0103/2020,20B,0
Brazil/RJ-00553/2020,20B,0
Australia/VIC18004/2020,20B,0
Brazil/RJ-00555/2020,20B,0
Argentina/PAIS-E0100/2020,20B,0
Brazil/RJ-00545/2020,20B,0
Brazil/RJ-00557/2020,20B,0
Brazil/RJ-00537/2020,20B,0
Brazil/RJ-00542/2020,20B,0
Brazil/SP-902/2020,20B,0
Brazil/SP-986/2020,20B,0
Argentina/PAIS-E0102/2020,20B,0
Brazil/SP-HIAE-ID04/2020,20B,0
Brazil/PA-IEC176564/2020,20B,0
Brazil/RJ-00548/2020,20B,0
Brazil/RJ-00549/2020,20B,0
Argentina/PAIS-E0101/2020,20B,0
Brazil/BA-2/2020,20B,0
Argentina/C97133/2020,20B,0
Brazil/RS-00682/2020,20B,0
Brazil/RS-31784/2020,20B,0
Brazil/PR-28601/2020,20B,0
Brazil/SP-1019/2021,20B,0
Brazil/RS-00604/2020,20B,0
Brazil/RS-00660/2020,20B,0
Brazil/RS-00675/2020,20B,0
Brazil/RS-00665/2020,20B,0
NewZealand/20CV0550/2020,20B,0
Peru/LIM-UPCH-0158/2020,20D,0
Australia/VIC354/2020,20D,0
Uruguay/UY-NYUMC861/2020,20D,0
Peru/LIM-UPCH-0164/2020,20D,0
Peru/LIM-UPCH-0154/2020,20D,0
Peru/LAM-HRL-187/2020,20D,0
Peru/LIM-UPCH-0288/2020,20D,0
Peru/LIM-UPCH-0292/2020,20D,0
Peru/LIM-UPCH-0362/2020,20D,0
Peru/LIM-UPCH-0348/2020,20D,0
Peru/CAL-INS-105/2020,20D,0
Peru/LIM-UPCH-0104/2020,20D,0
Peru/LIM-UPCH-0191/2020,20D,0
Peru/LIM-UPCH-0196/2020,20D,0
Colombia/VAC-INS-VG-101/2020,20D,0
Peru/AMA-UPCH-0261/2020,20D,0
Peru/AMA-UPCH-0272/2020,20D,0
Peru/AMA-UPCH-0263/2020,20D,0
Peru/AMA-UPCH-0270/2020,20D,0
Peru/ANC-INS-132/2020,20D,0
Peru/LIM-UPCH-0205/2020,20D,0
Chile/KTG488/2020,20D,0
Chile/MA-194107-B/2020,20D,0
Chile/MA-212213/2020,20D,0
Chile/MA-212212/2020,20D,0
Chile/MA-194111-B/2020,20D,0
Serbia/Uzice-01450604/2020,20D,0
SouthAfrica/KRISP-K002636/2020,20D,0
SouthAfrica/KRISP-K004556/2020,20D,0
Mozambique/INS-K007883/2020,20D,0
Mozambique/INS-K007876/2020,20D,0
Mozambique/INS-K007878/2020,20D,0
Mozambique/INS-K007905/2020,20D,0
Mozambique/INS-K008000/2021,20D,0
Mozambique/INS-K007888/2020,20D,0
Mozambique/INS-K007874/2020,20D,0
Mozambique/INS-K007875/2020,20D,0
Mozambique/INS-K007907/2020,20D,0
Mozambique/INS-K007916/2020,20D,0
Mozambique/INS-K007897/2020,20D,0
Mozambique/INS-K007914/2020,20D,0
Mozambique/INS-K007937/2020,20D,0
Mozambique/INS-K007886/2020,20D,0
Mozambique/INS-K007912/2020,20D,0
Chile/MA-CADIUMAG-27/2020,20D,0
Chile/RM-85695/2020,20D,0
Chile/RM-109226/2020,20D,0
Chile/RM-170499/2020,20D,0
Argentina/INEI098554/2020,20D,0
Chile/RM-126534/2020,20D,0
Chile/RM-168934/2020,20D,0
Peru/LIM-UPCH-0165/2020,20D,0
Peru/LIM-UPCH-0301/2020,20D,0
Peru/LIM-UPCH-0302/2020,20D,0
Peru/LIM-UPCH-0086/2020,20D,0
Peru/LIM-UPCH-0141/2020,20D,0
Australia/NSW1169/2020,20D,0
Australia/NSW3628/2020,20D,0
Australia/NSW1236/2020,20D,0
Peru/AMA-UPCH-0258/2020,20D,0
Pakistan/UN-UVAS-Lahore-II/2020,20D,0
USA/TX-HMH-MCoV-16139/2020,20D,0
Peru/LIM-INS-088/2020,20D,0
Denmark/DCGC-1064/2020,20D,0
Peru/LIM-UPCH-0167/2020,20D,0
Peru/LIM-UPCH-0175/2020,20D,0
Peru/LIM-UPCH-0168/2020,20D,0
Peru/LIM-UPCH-0144/2020,20D,0
Peru/LIM-UPCH-0198/2020,20D,0
Peru/LIM-INS-095/2020,20D,0
Peru/LIM-UPCH-0317/2020,20D,0
Peru/LIM-UPCH-0193/2020,20D,0
Peru/LIM-UPCH-0200/2020,20D,0
Peru/LIM-UPCH-0170/2020,20D,0
Peru/LIM-UPCH-0189/2020,20D,0
Australia/NSW2941/2020,20D,0
Australia/SAP601/2020,20D,0
Peru/LIM-UPCH-0090/2020,20D,0
Peru/LIM-UPCH-0203/2020,20D,0
Peru/LIM-UPCH-0311/2020,20D,0
Peru/LIM-UPCH-0312/2020,20D,0
Peru/LIM-UPCH-0321/2020,20D,0
Peru/LIM-UPCH-0318/2020,20D,0
Peru/LIM-UPCH-0188/2020,20D,0
Peru/LIM-UPCH-0204/2020,20D,0
Peru/LIM-INS-096/2020,20D,0
Peru/LIM-UPCH-0201/2020,20D,0
Peru/LIM-UPCH-0240/2020,20D,0
Poland/Pom7/2020,20D,0
Egypt/CUNCI-HGC9I010/2020,20D,0
Egypt/CUNCI-HGC9I027/2020,20D,0
Egypt/CUNCI-HGC11I010/2021,20D,0
Egypt/CUNCI-HGC9I035/2020,20D,0
Egypt/CUNCI-HGC9I032/2020,20D,0
Egypt/CUNCI-HGC9I034/2020,20D,0
Peru/LIM-UPCH-0208/2020,20D,0
Peru/LIM-UPCH-0353/2020,20D,0
Ecuador/USFQ-731/2021,20D,0
Ecuador/USFQ-732/2021,20D,0
Ecuador/USFQ-733/2021,20D,0
Ecuador/USFQ-734/2021,20D,0
Ecuador/USFQ-726/2021,20D,0
Ecuador/USFQ-735/2021,20D,0
Chile/RM-206395/2020,20D,0
Chile/RM-208464/2020,20D,0
BosniaandHerzegovina/AGC-SAR-002/2020,20D,0
Germany/NW-HHU-554/2020,20D,0
Peru/LIM-UPCH-0178/2020,20D,0
Peru/LIM-UPCH-0197/2020,20D,0
Peru/LIM-UPCH-0316/2020,20D,0
Peru/LIM-UPCH-0327/2020,20D,0
Peru/LIM-UPCH-0290/2020,20D,0
NewZealand/20CV0079/2020,20D,0
NewZealand/20VR3919/2020,20D,0
NewZealand/20CV0144/2020,20D,0
Italy/CAM-TIGEM-238/2020,20D,0
Italy/CAM-TIGEM-1169/2020,20D,0
Italy/CAM-TIGEM-1177/2020,20D,0
Tunisia/ADAGE-18212/2020,20D,0
Tunisia/ADAGE-17873/2020,20D,0
Tunisia/ADAGE-18505/2020,20D,0
Japan/Donner34/2020,20B,0
NewZealand/20VR1756/2020,20B,0
UnitedArabEmirates/1776/2020,20B,0
Australia/QLD1231/2020,20B,0
Poland/PL_P34/2020,20B,0
Ukraine/203100338/2020,20B,0
Slovakia/UKBA-204/2020,20B,0
Bulgaria/37/2020,20B,0
Sweden/20-52037/2020,20B,0
Mexico/VER-InDRE-104/2020,20B,0
Mexico/CMX-InDRE-07/2020,20B,0
NewZealand/20VR0189/2020,20B,0
Malaysia/3611/2020,20B,0
Belarus/ChVir21889/2020,20B,0
Uganda/UG133/2020,20B,0
Uganda/UG131/2020,20B,0
Uganda/UG136/2020,20B,0
Mexico/CMX-InDRE-01/2020,20B,0
Ireland/WW-NVRL-AIIDV0379v4/2020,20B,0
India/UT-AR12/2020,20B,0
Colombia/NAR-GUR-0609/2020,20B,0
SouthKorea/KDCA0470/2020,20B,0
USA/VA-DCLS-0732/2020,20B,0
NewZealand/20CV0405/2020,20B,0
Australia/WA562/2020,20B,0
Belize/CDC-6840/2020,20B,0
Morocco/15N/2020,20B,0
India/TG-CCMB-AB415/2020,20B,0
Australia/WA140/2020,20B,0
India/MH-NIV-QA-707/2020,20B,0
India/MH-NIV-23098/2020,20B,0
Bahrain/090000572_S16_L001/2020,20B,0
India/MH-ACTREC-036/2020,20B,0
India/MH-NIV-17002/2020,20B,0
Bahrain/340846550_S17_L001/2020,20B,0
Bahrain/340654690/2020,20B,0
NewZealand/20CV0392/2020,20B,0
India/MH-NIV-229771/2020,20B,0
Bahrain/920457371_S3/2020,20B,0
Bahrain/341063863_S17_L001/2020,20B,0
Bahrain/340861174_S24_L001/2020,20B,0
Bahrain/341063898_S19_L001/2020,20B,0
Bahrain/920457147/2020,20B,0
Bahrain/341038078_S3_L001/2020,20B,0
Bahrain/250182775/2020,20B,0
Bahrain/340513774_S1_L001/2020,20B,0
Croatia/Zagreb-29/2020,20B,0
Georgia/Tb-97937/2020,20B,0
Palestine/89/2020,20B,0
Palestine/WB-AQU-1/2020,20B,0
Palestine/WB-AQU-P3/2020,20B,0
Palestine/82/2020,20B,0
Palestine/42/2020,20B,0
Palestine/51/2020,20B,0
Palestine/AAS26/2020,20B,0
Palestine/AAS25/2020,20B,0
Israel/CVL-103-ngs/2020,20B,0
Palestine/AAS27/2020,20B,0
Palestine/AAS46/2021,20B,0
Palestine/AAS16/2020,20B,0
Palestine/AAS15/2020,20B,0
Israel/CVL-244-ngs/2020,20B,0
Palestine/AAS45/2021,20B,0
Australia/QLD1011/2020,20B,0
Japan/PG-0369/2020,20B,0
SouthKorea/KDCA0133/2020,20B,0
Switzerland/ZH-ETHZ-150001/2020,20B,0
NorthMacedonia/883/2020,20B,0
Nigeria/LA-CV386/2020,20B,0
Switzerland/BS-ETHZ-130020/2020,20B,0
NorthMacedonia/11602/2020,20B,0
Singapore/1118/2020,20B,0
Japan/NGY-NNH-054/2020,20B,0
Japan/Donner123/2020,20B,0
Japan/Donner126/2020,20B,0
Japan/Donner99/2020,20B,0
Japan/Donner102/2020,20B,0
Thailand/Chonburi-SQ-NT0031/2020,20B,0
Japan/NGY-NNH-012/2020,20B,0
Japan/Donner125/2020,20B,0
Japan/NGY-NNH-055/2020,20B,0
Japan/Donner135/2020,20B,0
Russia/MOS-CRIE-13675724/2020,20B,0
USA/CO-CDPHE-2010280212/2020,20B,0
Brazil/PB-16616/2020,20B,0
Suriname/SR-46/2020,20B,0
Brazil/RJ-00515/2020,20B,0
Brazil/RJ-00578/2020,20B,0
Chile/RM-207231/2020,20B,0
Uruguay/TYT-M133/2020,20B,0
Uruguay/TYT-M49/2020,20B,0
Uruguay/TYT-M57/2020,20B,0
Uruguay/TYT-M135/2020,20B,0
Uruguay/TYT-M64/2020,20B,0
Chile/RM-130081/2020,20B,0
Chile/RM-86748-TC1/2020,20B,0
Chile/AR-208475/2020,20B,0
Chile/RM-208555/2020,20B,0
Chile/RM-153390/2020,20B,0
Chile/RM-171011/2020,20B,0
Chile/Atac2-2/2020,20B,0
Chile/RM-CMM-ADC1858/2020,20B,0
Chile/RM-188963/2020,20B,0
NewZealand/20CV0627/2020,20B,0
Chile/BI-206419/2020,20B,0
Chile/MA-201641/2020,20B,0
Chile/AR-208477/2020,20B,0
Chile/MA-212211/2020,20B,0
Chile/NB-207885/2020,20B,0
Chile/BI-206420/2020,20B,0
Chile/NB-207884/2020,20B,0
Brazil/RJ-00485/2020,20B,0
Brazil/SP-HIAE-ID23/2020,20B,0
Argentina/INEI097339/2020,20B,0
Argentina/INEI095283/2020,20B,0
Chile/NB-196349/2020,20B,0
Brazil/SP-931/2020,20B,0
Brazil/RS-00671/2020,20B,0
Brazil/RS-15287/2020,20B,0
Brazil/RS-00625/2020,20B,0
Chile/MA-212210/2020,20B,0
Brazil/RJ-00488/2020,20B,0
Brazil/RJ-00535/2020,20B,0
Brazil/RJ-00493/2020,20B,0
Brazil/RJ-00492/2020,20B,0
Chile/AN-195419/2020,20B,0
Brazil/RJ-00487/2020,20B,0
Bolivia/26939/2020,20B,0
Brazil/RJ-00499/2020,20B,0
Brazil/RJ-00490/2020,20B,0
Brazil/RJ-00504/2020,20B,0
Argentina/INEI096315/2020,20B,0
Argentina/INEI096397/2020,20B,0
Argentina/INEI097145/2020,20B,0
Argentina/INEI096305/2020,20B,0
Argentina/INEI097811/2020,20B,0
Argentina/INEI098730/2020,20B,0
Argentina/INEI096492/2020,20B,0
Argentina/INEI095845/2020,20B,0
Argentina/INEI097370/2020,20B,0
Argentina/INEI096369/2020,20B,0
Argentina/INEI097148/2020,20B,0
Argentina/INEI097191/2020,20B,0
Argentina/INEI096269/2020,20B,0
Argentina/INEI098447/2020,20B,0
Argentina/INEI098454/2020,20B,0
Argentina/INEI098490/2020,20B,0
Argentina/INEI098437/2020,20B,0
Argentina/INEI098558/2020,20B,0
Argentina/INEI097697/2020,20B,0
Argentina/INEI095421/2020,20B,0
Argentina/INEI095579/2020,20B,0
Argentina/INEI098603/2020,20B,0
Ecuador/EC-G-5289/2020,20B,0
Serbia/Kikinda-000201303/2020,20B,0
HongKong/HKU-200723-098/2020,20B,0
USA/MA-MASPHL-01235/2020,20B,0
Luxembourg/LNS1014689/2020,20B,0
Tunisia/11-MHT_8/2020,20B,0
Tunisia/ADAGE-18245/2020,20B,0
UnitedArabEmirates/0677/2020,20B,0
Russia/KAM-RII-MH12143S/2020,20B,0
Nigeria/FC-CV355/2020,20B,0
Madagascar/VIRO-33698/2020,20B,0
Finland/14CB12/2020,20B,0
Finland/16CH7/2020,20B,0
BosniaandHerzegovina/ChVir7361/2020,20B,0
Portugal/PT1719/2020,20B,0
Ecuador/EC-G-2565/2020,20B,0
UnitedArabEmirates/3724/2020,20B,0
HongKong/CM20000499/2020,20B,0
Australia/ACT0094/2020,20B,0
Taiwan/NTU44/2020,20B,0
SriLanka/COV53/2020,20B,0
Bolivia/26954/2020,20B,0
Vietnam/VNHN_4875/2020,20B,0
SouthKorea/KDCA0135/2020,20B,0
Australia/WA601/2021,20B,0
Indonesia/JK-NIHRD-MI43269/2020,20B,0
Lithuania/C20-05-R8/2020,20B,0
UnitedArabEmirates/1849/2020,20B,0
USA/ME-HETL-J0442/2020,20B,0
NewZealand/20VR1964/2020,20B,0
Latvia/169/2020,20B,0
Turkey/HSGM-AD16/2020,20B,0
India/WB-S2/2020,20B,0
Latvia/021/2020,20B,0
NewZealand/20VR0712/2020,20B,0
HongKong/VM20009579/2020,20B,0
NewZealand/20VR2101/2020,20B,0
Russia/MOW-RII-MH1997S/2020,20B,0
Nigeria/EK220-CV54/2020,20B,0
CostaRica/INC-0055/2020,20B,0
Canada/ON-SC0252/2020,20B,0
Ecuador/EC-G-5355/2020,20B,0
Azerbaijan/Aghayev-07/2021,20B,0
England/CAMC-B0AFB3/2020,20B,0
Poland/7995603821_diag1_gx1/2020,20B,0
Poland/NIPH-NIH-02/2020,20B,0
Ireland/LH-NVRL-77IRL73961/2020,20B,0
Slovakia/UKBA-724/2020,20B,0
Slovakia/UKBA-412/2020,20B,0
Slovakia/UKBA-709/2020,20B,0
Slovakia/UKBA-710/2020,20B,0
Bangladesh/BCSIR-NILMRC-052/2020,20B,0
Portugal/PT1527/2020,20B,0
Portugal/PT1546/2020,20B,0
Argentina/PAIS-G0006/2020,20B,0
Taiwan/CGMH-CGU-31/2020,20B,0
USA/MN-MDH-2126/2020,20B,0
Sweden/20-53258/2020,20B,0
Germany/BE-ChVir-D1935-5099/2020,20B,0
NewZealand/20CV0284/2020,20B,0
NewZealand/20CV0285/2020,20B,0
NewZealand/20VR3066/2020,20B,0
India/GJ-GBRC-455b/2020,20B,0
Iran/Tehran-06/2020,20B,0
Turkey/Ankara_GUMV_41954/2020,20B,0
Norway/7285/2020,20B,0
Norway/7424/2020,20B,0
Nigeria/ED1010-CV215/2020,20B,0
Italy/APU-IZSPB-189PT/2020,20B,0
SouthAfrica/KRISP-K004015/2020,20B,0
Taiwan/NTU30/2020,20B,0
SouthAfrica/KRISP-K005316/2020,20B,0
SouthAfrica/KRISP-K004557/2020,20B,0
SouthAfrica/KRISP-K004539/2020,20B,0
Ecuador/EC-G-2512/2020,20B,0
Latvia/042/2020,20B,0
Australia/SAP532/2020,20B,0
BurkinaFaso/608/2020,20B,0
BurkinaFaso/2-035-1347/2020,20B,0
BurkinaFaso/3970/2020,20B,0
BurkinaFaso/4202/2020,20B,0
USA/NM-DOH-2020519346/2020,20B,0
Australia/NSW1438/2021,20B,0
Australia/NSW1442/2021,20B,0
Australia/NSW1474/2021,20B,0
Australia/NSW1424/2021,20B,0
Russia/MOS-CRIE-7210452/2020,20B,0
Russia/SPE-RII-MH13737S/2021,20B,0
SierraLeone/KGH-G-8549/2020,20B,0
SouthKorea/KDCA0342/2020,20B,0
Azerbaijan/Aghayev-08/2021,20B,0
Azerbaijan/Aghayev-06/2021,20B,0
SouthAfrica/KRISP-K004338/2020,20B,0
NewZealand/21CV0004/2021,20B,0
Chile/RM-207982/2020,20B,0
Chile/RM-157813/2020,20B,0
Chile/RM-208466/2020,20B,0
Australia/SAP523/2020,20B,0
Chile/RM-157770/2020,20B,0
Bangladesh/CU-CTG-04/2020,20B,0
Peru/LIM-UPCH-0364/2020,20B,0
UnitedArabEmirates/1991/2020,20B,0
SouthAfrica/NHLS-UCT-GS-2736/2020,20B,0
Peru/LIM-UPCH-0295/2020,20B,0
Beijing/IVDC-01-06/2020,20B,0
Colombia/CAQ-INS-003003/2020,20B,0
Colombia/NAR-INS-IP004/2020,20B,0
Belarus/ChVir21832/2020,20B,0
USA/OR-OHSU-3715/2020,20B,0
Tunisia/11-MHT_10/2020,20B,0
USA/NV-NSPHL-A0205/2020,20B,0
NewZealand/20CV0474/2020,20B,0
NewZealand/20CV0499/2020,20B,0
NewZealand/20CV0496/2020,20B,0
Iceland/3994/2021,20B,0
Norway/5393/2020,20B,0
Poland/NIPH-NIH-08/2020,20B,0
Poland/NIPH-NIH-05/2020,20B,0
Brazil/DF-1025/2020,20I/501Y.V1,0
Ecuador/USFQ-736/2021,20I/501Y.V1,0
Ecuador/USFQ-737/2021,20I/501Y.V1,0
UnitedArabEmirates/4302/2020,20I/501Y.V1,0
NewZealand/21CV0011/2021,20I/501Y.V1,0
Jordan/AM-ALSR-5830/2020,20I/501Y.V1,0
NewZealand/21CV0012/2021,20I/501Y.V1,0
Australia/WA603/2021,20I/501Y.V1,0
England/ALDP-1064C8B/2021,20I/501Y.V1,0
Jordan/AM-ALSR-5779/2021,20I/501Y.V1,0
Jordan/AM-ALSR-5794/2021,20I/501Y.V1,0
Jordan/AM-ALSR-5804/2021,20I/501Y.V1,0
Jordan/AM-ALSR-5832/2021,20I/501Y.V1,0
Germany/SH-ChVir22546/2021,20I/501Y.V1,0
Germany/SH-ChVir22575/2021,20I/501Y.V1,0
NewZealand/20CV0687/2020,20I/501Y.V1,0
England/OXON-F4844D/2020,20I/501Y.V1,0
NewZealand/21CV0007/2021,20I/501Y.V1,0
Romania/B-1831/2021,20I/501Y.V1,0
Jordan/AM-ALSR-5829/2020,20I/501Y.V1,0
India/KA-NIMH-SEQ-60/2020,20I/501Y.V1,0
NewZealand/21CV0002/2020,20I/501Y.V1,0
NewZealand/21CV0068/2021,20I/501Y.V1,0
USA/OK-ADDL-8/2021,20I/501Y.V1,0
England/ALDP-10B60AC/2021,20I/501Y.V1,0
NewZealand/21CV0111/2021,20I/501Y.V1,0
Jordan/AM-ALSR-5774/2021,20I/501Y.V1,0
Romania/BUCHAREST-IMT-1/2020,20B,0
Brazil/RS-6215/2020,20B,0
USA/UT-UPHL-2009478/2020,20B,0
USA/UT-UPHL-2012881074/2020,20B,0
Australia/WA499/2020,20B,0
Norway/3328/2020,20B,0
Sweden/20-52952/2020,20B,0
Sweden/20-52936/2020,20B,0
Sweden/20-53257/2020,20B,0
Norway/4893/2020,20B,0
Chile/BI-ISPCH-1-2/2020,20B,0
Oman/205042822/2020,20B,0
Peru/LIM-UPCH-0207/2020,20B,0
Peru/LIM-INS-110/2020,20B,0
Peru/LIM-UPCH-0194/2020,20B,0
Serbia/Sabac-000573004/2020,20B,0
Slovenia/136912/2020,20B,0
Slovenia/NK7854/2020,20B,0
Serbia/NP363-04/2020,20B,0
NorthMacedonia/3053/2020,20B,0
NorthMacedonia/8881/2020,20B,0
Serbia/Nis-074650508/2020,20B,0
Sweden/20-53328/2020,20B,0
Australia/SAP517/2020,20B,0
Serbia/KM-050707/2020,20B,0
Luxembourg/LNS6889202/2020,20B,0
Serbia/KM-0560707/2020,20B,0
Serbia/KV65-16-07/2020,20B,0
Switzerland/BL-ETHZ-200000/2020,20B,0
Moldova/ICGEB_MD6/2020,20B,0
Australia/NSW2487/2020,20B,0
UnitedArabEmirates/3636/2020,20B,0
UnitedArabEmirates/3586/2020,20B,0
Belgium/rega-0506645/2020,20B,0
Peru/AMA-UPCH-0265/2020,20B,0
Germany/BE-ChVir-W1389-4345/2020,20B,0
Senegal/45436/2020,20B,0
Belarus/ChVir21878/2020,20B,0
Latvia/193/2020,20B,0
Gambia/GC19-3842/2020,20B,0
Belgium/rega-12111349/2020,20B,0
Portugal/PT2087/2020,20B,0
mink/Poland/Pomorskie_5/2020,20B,0
mink/Poland/Pomorskie_46/2020,20B,0
mink/Poland/Pomorskie_49/2020,20B,0
mink/Poland/Pomorskie_76/2020,20B,0
mink/Poland/Pomorskie_67/2020,20B,0
mink/Poland/Pomorskie_83/2020,20B,0
mink/Poland/Pomorskie_77/2020,20B,0
Bangladesh/CHRF-0084/2020,20B,0
Brazil/PB-29636/2020,20B,0
Brazil/PB-29635/2020,20B,0
Brazil/PB-23853/2020,20B,0
England/MILK-B3DD62/2020,20B,0
Brazil/PB-29639/2020,20B,0
Iceland/4574/2020,20B,0
Mozambique/INS-K007899/2020,20B,0
Nigeria/OS-CV304/2020,20B,0
Slovakia/UKBA-605/2020,20B,0
Australia/WA353/2020,20B,0
Australia/WA538/2020,20B,0
HongKong/VM20149166/2020,20B,0
Brazil/PB-16521/2020,20B,0
Jordan/AM-ALSR-5289/2020,20B,0
Jordan/SEARCH-5466/2020,20B,0
NewZealand/20CV0610/2020,20B,0
Jordan/AM-ALSR-5300/2020,20B,0
Jordan/IR-ALSR-5279/2020,20B,0
Nigeria/EK084-CV50/2020,20B,0
Nigeria/OY636-CV192/2020,20B,0
Nigeria/FC-CV533/2020,20B,0
Nigeria/FC-CV536/2020,20B,0
Nigeria/FC-CV534/2020,20B,0
Nigeria/FC-CV535/2020,20B,0
NewZealand/20VR1133/2020,20B,0
UnitedArabEmirates/L0881/2020,20B,0
Oman/205036136/2020,20B,0
Mexico/CMX-INER-0163/2020,20B,0
Venezuela/VEN-89312/2020,20B,0
Peru/LIM-UPCH-0238/2020,20B,0
Ecuador/USFQ-577/2020,20B,0
Ecuador/USFQ-561/2020,20B,0
Ecuador/USFQ-571/2020,20B,0
Ecuador/USFQ-570/2020,20B,0
Peru/LIM-UPCH-0286/2020,20B,0
Peru/LIM-UPCH-0328/2020,20B,0
Peru/LIM-UPCH-0243/2020,20B,0
Peru/LIM-UPCH-0280/2020,20B,0
Belgium/ULG-10256/2020,20B,0
CzechRepublic/IAB20_016_029/2020,20B,0
Switzerland/BS-ETHZ-330433/2020,20B,0
Australia/NSW1190/2020,20B,0
Ecuador/USFQ-054/2020,20B,0
Ecuador/USFQ-193/2020,20B,0
Colombia/NAR-INS-IP0610/2020,20B,0
Ecuador/USFQ-572/2020,20B,0
Ecuador/USFQ-568/2020,20B,0
Ecuador/USFQ-569/2021,20B,0
Ecuador/USFQ-564/2020,20B,0
Ecuador/USFQ-201/2020,20B,0
Ecuador/USFQ-585/2021,20B,0
Ecuador/USFQ-715/2021,20B,0
Ecuador/USFQ-721/2021,20B,0
Ecuador/USFQ-712/2021,20B,0
Netherlands/GE-EMC-299/2020,20B,0
Ecuador/USFQ-105/2020,20B,0
USA/PA-CDC-2-3693665/2020,20B,0
NewZealand/20CV0611/2020,20B,0
USA/ME-HETL-J0199/2020,20B,0
USA/NY-MSHSPSP-PV21135/2020,20B,0
USA/DC-DFS-PHL-0102/2020,20B,0
Ghana/WACCBIP-GS15/2020,20B,0
Sweden/20-52384/2020,20B,0
SouthAfrica/KRISP-K001356/2020,20B,0
SouthAfrica/NHLS-UCT-GS-1078/2020,20B,0
SouthAfrica/NHLS-UCT-GS-0828/2020,20B,0
SouthAfrica/NHLS-UCT-GS-0619/2020,20B,0
BurkinaFaso/2-041-1649/2020,20B,0
UnitedArabEmirates/3793/2020,20B,0
UnitedArabEmirates/3399/2020,20B,0
Taiwan/NTU34/2020,20B,0
Singapore/1116/2020,20B,0
Bahrain/341036734_S5_L001/2020,20B,0
UnitedArabEmirates/3963/2020,20B,0
Australia/NSW1187/2020,20B,0
Australia/NT99/2021,20B,0
Australia/NT91/2021,20B,0
Bangladesh/CHRF-0070/2020,20B,0
Bangladesh/DNAS_DRCIM_isl_113/2020,20B,0
Bangladesh/CHRF-0069/2020,20B,0
Bangladesh/BCSIR-NILMRC-062/2020,20B,0
Bahrain/341016741_S2_L001/2020,20B,0
Bangladesh/BCSIR-NILMRC_392/2020,20B,0
Bangladesh/GRMDRC/2020,20B,0
Bangladesh/CU-CTG-32/2020,20B,0
Bangladesh/CHRF-0060/2020,20B,0
Bangladesh/BCSIR-NILMRC-281/2020,20B,0
Australia/NSW1223/2020,20B,0
Australia/QLD1267/2020,20B,0
Bangladesh/SUST-GEB-Sunamganj-3/2020,20B,0
Bangladesh/BCSIR-NILMRC_411/2020,20B,0
Bangladesh/GRMDRC-7/2020,20B,0
Bangladesh/BCSIR-NILMRC_420/2020,20B,0
Bangladesh/BCSIR-NILMRC-292/2020,20B,0
Bangladesh/CU-CTG-18/2020,20B,0
Bangladesh/GRMDRC-4/2020,20B,0
Bangladesh/BCSIR-NILMRC_393/2020,20B,0
Bangladesh/SUST-GEB-Habiganj-6/2020,20B,0
Bangladesh/SUST-GEB-Habiganj-3/2020,20B,0
Bangladesh/GRMDRC-3/2020,20B,0
Bangladesh/CU-CTG-02/2020,20B,0
Australia/VIC3813/2020,20F,0
Australia/QLD958/2020,20F,0
Australia/TAS00279/2020,20F,0
Australia/SAP473/2020,20F,0
Australia/SAP481/2020,20F,0
Australia/WA149/2020,20F,0
Australia/VIC16281/2020,20F,0
Australia/NSW751/2020,20F,0
Australia/VIC7881/2020,20F,0
Australia/NSW1060/2020,20F,0
Australia/NSW782/2020,20F,0
Australia/NSW1012/2020,20F,0
Australia/NSW1010/2020,20F,0
Australia/NSW1003/2020,20F,0
Australia/NSW999/2020,20F,0
Australia/NSW1006/2020,20F,0
Australia/NSW1164/2020,20F,0
Australia/NSW1167/2020,20F,0
Australia/NSW1154/2020,20F,0
Australia/ACT0087/2020,20F,0
Australia/VIC11081/2020,20F,0
Australia/VIC11948/2020,20F,0
Australia/VIC15096/2020,20F,0
Australia/NT53/2020,20F,0
Australia/VIC2509/2020,20F,0
Australia/VIC15336/2020,20F,0
Australia/VIC16300/2020,20F,0
Australia/VIC17033/2020,20F,0
Australia/VIC10540/2020,20F,0
Australia/QLD993/2020,20F,0
Australia/QLD998/2020,20F,0
Australia/QLD1045/2020,20F,0
Australia/QLD1050/2020,20F,0
Australia/QLD1060/2020,20F,0
Australia/VIC10009/2020,20F,0
Australia/VIC16191/2020,20F,0
Australia/VIC16197/2020,20F,0
CzechRepublic/NRL_7917/2020,20B,0
Ecuador/USFQ-346/2020,20B,0
Ecuador/ZZL-4/2020,20B,0
Ghana/WACCBIP-GS12/2020,20B,0
Ghana/WACCBIP-GS09/2020,20B,0
Nigeria/FC-CV250/2020,20B,0
Peru/LIM-UPCH-0307/2020,20B,0
Peru/LIM-UPCH-0324/2020,20B,0
Peru/LIM-UPCH-0329/2020,20B,0
Malaysia/HPUPM_ML5767/2020,20B,0
HongKong/MV2007-00689/2020,20B,0
HongKong/HKPU-4328/2020,20B,0
Singapore/820/2020,20B,0
Australia/WA432/2020,20B,0
Vietnam/PIHCM-638/2020,20B,0
Colombia/MET-GVI-97769/2020,20B,0
Ecuador/USFQ-208/2020,20B,0
Ecuador/USFQ-527/2020,20B,0
Algeria/G35014-8856/2020,20B,0
CostaRica/INC-0074/2020,20B,0
USA/MD-MDH-0503/2020,20B,0
CostaRica/INC-0165/2020,20B,0
CostaRica/INC-0179/2020,20B,0
CostaRica/INC-0183/2020,20B,0
CostaRica/INC-0186/2020,20B,0
CostaRica/INC-0173/2020,20B,0
CostaRica/INC-0177/2020,20B,0
CostaRica/INC-0166/2020,20B,0
CostaRica/INC-0169/2020,20B,0
CostaRica/INC-0163/2020,20B,0
CostaRica/INC-0164/2020,20B,0
CostaRica/INC-0168/2020,20B,0
CostaRica/INC-0185/2020,20B,0
Chile/AT-CMM-00015/2020,20B,0
Australia/QLD961/2020,20B,0
Sweden/20-24259/2020,20B,0
Peru/LIM-UPCH-0174/2020,20B,0
Russia/IVA-RII-MH11885S/2020,20B,0
Peru/LIM-UPCH-0296/2020,20B,0
USA/KY-CDC-LC0004036/2021,20B,0
USA/GA-CDC-9JK9-8082/2020,20B,0
USA/GA-CDC-95BM-4391/2020,20B,0
USA/GA-CDC-7671/2020,20B,0
USA/GA-CDC-9HOH-7594/2020,20B,0
USA/GA-CDC-7407/2020,20B,0
USA/GA-CDC-9IJC-7816/2020,20B,0
USA/GA-CDC-9J14-7944/2020,20B,0
USA/GA-CDC-7679/2020,20B,0
Chile/RM-207382/2020,20B,0
Romania/Bucuresti-FV5166/2020,20B,0
Ecuador/23055/2020,20B,0
Brazil/RS-00626/2020,20B,0
Brazil/PR-28610/2020,20B,0
Chile/BI-206407/2020,20B,0
Lithuania/T-32/2020,20B,0
Slovakia/UKBA-411/2020,20B,0
Indonesia/JK-NIHRD-MI52948/2020,20B,0
Singapore/1090/2020,20B,0
Denmark/DCGC-8254/2020,20B,0
Mozambique/INS-K007887/2020,20B,0
env/Qingdao/IVDC-011-10/2020,20B,0
env/Qingdao/IVDC-06-10/2020,20B,0
env/Qingdao/IVDC-05-10/2020,20B,0
Finland/28ES13BC3/2020,20B,0
Azerbaijan/Aghayev-04/2021,20B,0
Thailand/Bangkok_29/2020,20B,0
Australia/SAP520/2020,20B,0
Australia/WA359/2020,20B,0
Malaysia/IMR-WI085/2020,20B,0
Singapore/1111/2020,20B,0
UnitedArabEmirates/4369/2020,20B,0
Singapore/1473/2020,20B,0
UnitedArabEmirates/3846/2020,20B,0
Australia/VIC18007/2020,20B,0
Singapore/1119/2020,20B,0
Australia/NSW2940/2020,20B,0
Australia/SAP597/2020,20B,0
Singapore/883/2020,20B,0
NewZealand/21CV0015/2020,20B,0
Madagascar/VIRO-5815/2020,20B,0
Russia/IVA-RII-MH11884S/2020,20B,0
Australia/NSW1157/2020,20B,0
Russia/SPE-RII-19109V/2020,20B,0
Russia/OMS-ORINFI-5900S/2020,20B,0
Chile/RM-130072/2020,20B,0
Chile/AR-208476/2020,20B,0
Russia/SPE-RII-MH13149S/2021,20B,0
Hebei/IVDC-02-01/2021,20B,0
Hebei/IVDC-01-05/2021,20B,0
Hebei/IVDC-04-05/2021,20B,0
Hebei/IVDC-03-05/2021,20B,0
Hebei/IVDC-07-01/2021,20B,0
Hebei/IVDC-09-01/2021,20B,0
Hebei/IVDC-03-01/2021,20B,0
Hebei/IVDC-10-01/2021,20B,0
Hebei/IVDC-08-01/2021,20B,0
Morocco/FMP-44/2020,20B,0
Morocco/FMP-59/2020,20B,0
HongKong/HKPU-1166/2020,20B,0
Singapore/1506/2020,20B,0
Indonesia/JB-WJHL-ITB-A03267/2020,20B,0
England/CAMC-942D11/2020,20B,0
Switzerland/VS-ETHZ-321460/2020,20B,0
Russia/MUR-RII-MH6348S/2020,20B,0
Singapore/1070/2020,20B,0
NewZealand/21CV0045/2021,20B,0
NewZealand/20CV0471/2020,20B,0
Japan/Donner104/2020,20B,0
Japan/Donner144/2020,20B,0
Japan/Donner156/2020,20B,0
Japan/Donner160/2020,20B,0
